company_id,year,capital_allocation_pattern
ABB,2012.0,deleveraging
ABB,2014.0,deleveraging
ABB,2015.0,capital_returner
ABB,2016.0,cash_compounder
ABB,2017.0,cash_compounder
ABB,2018.0,capital_returner
ABB,2019.0,capital_returner
ABB,2020.0,capital_returner
ABB,2021.0,capital_returner
ABB,2022.0,cash_compounder
ABB,2023.0,capital_returner
ABB,2024.0,cash_compounder
ABB,,insufficient_data
ADANIENSOL,2014.0,insufficient_data
ADANIENSOL,2015.0,distressed
ADANIENSOL,2016.0,cash_compounder
ADANIENSOL,2017.0,cash_compounder
ADANIENSOL,2018.0,growth_investor
ADANIENSOL,2019.0,growth_investor
ADANIENSOL,2020.0,growth_investor
ADANIENSOL,2021.0,growth_investor
ADANIENSOL,2022.0,cash_compounder
ADANIENSOL,2023.0,growth_investor
ADANIENSOL,2024.0,cash_compounder
ADANIENSOL,,insufficient_data
ADANIENT,2013.0,growth_investor
ADANIENT,2014.0,cash_compounder
ADANIENT,2015.0,growth_investor
ADANIENT,2016.0,cash_compounder
ADANIENT,2017.0,growth_investor
ADANIENT,2018.0,growth_investor
ADANIENT,2019.0,cash_compounder
ADANIENT,2020.0,cash_compounder
ADANIENT,2021.0,growth_investor
ADANIENT,2022.0,growth_investor
ADANIENT,2023.0,cash_compounder
ADANIENT,2024.0,growth_investor
ADANIENT,,insufficient_data
ADANIGREEN,2017.0,distressed
ADANIGREEN,2018.0,distressed
ADANIGREEN,2019.0,distressed
ADANIGREEN,2020.0,distressed
ADANIGREEN,2021.0,growth_investor
ADANIGREEN,2022.0,growth_investor
ADANIGREEN,2023.0,cash_compounder
ADANIGREEN,2024.0,growth_investor
ADANIGREEN,,insufficient_data
ADANIPORTS,2013.0,growth_investor
ADANIPORTS,2014.0,growth_investor
ADANIPORTS,2015.0,cash_compounder
ADANIPORTS,2016.0,growth_investor
ADANIPORTS,2017.0,cash_compounder
ADANIPORTS,2018.0,cash_compounder
ADANIPORTS,2019.0,cash_compounder
ADANIPORTS,2020.0,cash_compounder
ADANIPORTS,2021.0,growth_investor
ADANIPORTS,2022.0,cash_compounder
ADANIPORTS,2023.0,growth_investor
ADANIPORTS,2024.0,cash_compounder
ADANIPORTS,,insufficient_data
ADANIPORTS,2013.0,growth_investor
ADANIPORTS,2014.0,growth_investor
ADANIPORTS,2015.0,cash_compounder
ADANIPORTS,2016.0,growth_investor
ADANIPORTS,2017.0,cash_compounder
ADANIPORTS,2018.0,cash_compounder
ADANIPORTS,2019.0,cash_compounder
ADANIPORTS,2020.0,cash_compounder
ADANIPORTS,2021.0,growth_investor
ADANIPORTS,2022.0,cash_compounder
ADANIPORTS,2023.0,growth_investor
ADANIPORTS,2024.0,cash_compounder
ADANIPORTS,,insufficient_data
ADANIPOWER,2013.0,distressed
ADANIPOWER,2014.0,distressed
ADANIPOWER,2015.0,distressed
ADANIPOWER,2016.0,cash_compounder
ADANIPOWER,2017.0,distressed
ADANIPOWER,2018.0,distressed
ADANIPOWER,2019.0,distressed
ADANIPOWER,2020.0,distressed
ADANIPOWER,2021.0,cash_compounder
ADANIPOWER,2022.0,cash_compounder
ADANIPOWER,2023.0,capital_intensive
ADANIPOWER,2024.0,capital_intensive
ADANIPOWER,,insufficient_data
AMBUJACEM,2012.0,cash_compounder
AMBUJACEM,2013.0,capital_returner
AMBUJACEM,2014.0,cash_compounder
AMBUJACEM,2015.0,cash_compounder
AMBUJACEM,2016.0,capital_returner
AMBUJACEM,2017.0,cash_compounder
AMBUJACEM,2018.0,deleveraging
AMBUJACEM,2019.0,cash_compounder
AMBUJACEM,2020.0,cash_compounder
AMBUJACEM,2021.0,cash_compounder
AMBUJACEM,2023.0,deleveraging
AMBUJACEM,2024.0,deleveraging
AMBUJACEM,,insufficient_data
APOLLOHOSP,2013.0,growth_investor
APOLLOHOSP,2014.0,cash_compounder
APOLLOHOSP,2015.0,growth_investor
APOLLOHOSP,2016.0,growth_investor
APOLLOHOSP,2017.0,growth_investor
APOLLOHOSP,2018.0,cash_compounder
APOLLOHOSP,2019.0,cash_compounder
APOLLOHOSP,2020.0,cash_compounder
APOLLOHOSP,2021.0,cash_compounder
APOLLOHOSP,2022.0,cash_compounder
APOLLOHOSP,2023.0,cash_compounder
APOLLOHOSP,2024.0,cash_compounder
APOLLOHOSP,,insufficient_data
ASIANPAINT,2013.0,cash_compounder
ASIANPAINT,2014.0,cash_compounder
ASIANPAINT,2015.0,capital_returner
ASIANPAINT,2016.0,cash_compounder
ASIANPAINT,2017.0,capital_returner
ASIANPAINT,2018.0,cash_compounder
ASIANPAINT,2019.0,cash_compounder
ASIANPAINT,2020.0,cash_compounder
ASIANPAINT,2021.0,cash_compounder
ASIANPAINT,2022.0,capital_returner
ASIANPAINT,2023.0,capital_returner
ASIANPAINT,2024.0,cash_compounder
ASIANPAINT,,insufficient_data
ATGL,2018.0,capital_intensive
ATGL,2019.0,capital_intensive
ATGL,2020.0,capital_intensive
ATGL,2021.0,capital_intensive
ATGL,2022.0,capital_intensive
ATGL,2023.0,capital_intensive
ATGL,2024.0,capital_intensive
ATGL,,insufficient_data
BAJAJAUTO,2013.0,capital_returner
BAJAJAUTO,2014.0,cash_compounder
BAJAJAUTO,2015.0,capital_returner
BAJAJAUTO,2016.0,capital_returner
BAJAJAUTO,2017.0,capital_returner
BAJAJAUTO,2018.0,cash_compounder
BAJAJAUTO,2019.0,capital_returner
BAJAJAUTO,2020.0,capital_returner
BAJAJAUTO,2021.0,capital_returner
BAJAJAUTO,2022.0,capital_returner
BAJAJAUTO,2023.0,capital_returner
BAJAJAUTO,2024.0,capital_returner
BAJAJAUTO,,insufficient_data
AXISBANK,2013.0,financial_institution
AXISBANK,2014.0,financial_institution
AXISBANK,2015.0,financial_institution
AXISBANK,2016.0,financial_institution
AXISBANK,2017.0,financial_institution
AXISBANK,2018.0,financial_institution
AXISBANK,2019.0,financial_institution
AXISBANK,2020.0,financial_institution
AXISBANK,2021.0,financial_institution
AXISBANK,2022.0,financial_institution
AXISBANK,2023.0,financial_institution
AXISBANK,2024.0,financial_institution
AXISBANK,,financial_institution
BAJAJFINSV,2013.0,financial_institution
BAJAJFINSV,2014.0,financial_institution
BAJAJFINSV,2015.0,financial_institution
BAJAJFINSV,2016.0,financial_institution
BAJAJFINSV,2017.0,financial_institution
BAJAJFINSV,2018.0,financial_institution
BAJAJFINSV,2019.0,financial_institution
BAJAJFINSV,2020.0,financial_institution
BAJAJFINSV,2021.0,financial_institution
BAJAJFINSV,2022.0,financial_institution
BAJAJFINSV,2023.0,financial_institution
BAJAJFINSV,2024.0,financial_institution
BAJAJFINSV,,financial_institution
BAJAJHLDNG,2013.0,deleveraging
BAJAJHLDNG,2014.0,deleveraging
BAJAJHLDNG,2015.0,deleveraging
BAJAJHLDNG,2016.0,deleveraging
BAJAJHLDNG,2017.0,growth_investor
BAJAJHLDNG,2018.0,deleveraging
BAJAJHLDNG,2019.0,deleveraging
BAJAJHLDNG,2020.0,deleveraging
BAJAJHLDNG,2021.0,growth_investor
BAJAJHLDNG,2022.0,capital_returner
BAJAJHLDNG,2023.0,capital_returner
BAJAJHLDNG,2024.0,deleveraging
BAJAJHLDNG,,insufficient_data
BAJFINANCE,2015.0,financial_institution
BAJFINANCE,2016.0,financial_institution
BAJFINANCE,2017.0,financial_institution
BAJFINANCE,2018.0,financial_institution
BAJFINANCE,2019.0,financial_institution
BAJFINANCE,2020.0,financial_institution
BAJFINANCE,2021.0,financial_institution
BAJFINANCE,2022.0,financial_institution
BAJFINANCE,2023.0,financial_institution
BAJFINANCE,2024.0,financial_institution
BAJFINANCE,,financial_institution
BANKBARODA,2013.0,financial_institution
BANKBARODA,2014.0,financial_institution
BANKBARODA,2015.0,financial_institution
BANKBARODA,2016.0,financial_institution
BANKBARODA,2017.0,financial_institution
BANKBARODA,2018.0,financial_institution
BANKBARODA,2019.0,financial_institution
BANKBARODA,2020.0,financial_institution
BANKBARODA,2021.0,financial_institution
BANKBARODA,2022.0,financial_institution
BANKBARODA,2023.0,financial_institution
BANKBARODA,2024.0,financial_institution
BANKBARODA,,financial_institution
BHARTIARTL,2013.0,cash_compounder
BHARTIARTL,2014.0,cash_compounder
BHARTIARTL,2015.0,cash_compounder
BHARTIARTL,2016.0,cash_compounder
BHARTIARTL,2017.0,growth_investor
BHARTIARTL,2018.0,cash_compounder
BHARTIARTL,2019.0,growth_investor
BHARTIARTL,2020.0,distressed
BHARTIARTL,2021.0,distressed
BHARTIARTL,2022.0,cash_compounder
BHARTIARTL,2023.0,cash_compounder
BHARTIARTL,2024.0,cash_compounder
BHARTIARTL,,insufficient_data
BEL,2013.0,capital_efficient
BEL,2014.0,capital_efficient
BEL,2015.0,cash_compounder
BEL,2016.0,cash_compounder
BEL,2017.0,capital_returner
BEL,2018.0,growth_investor
BEL,2019.0,capital_returner
BEL,2020.0,cash_compounder
BEL,2021.0,cash_compounder
BEL,2022.0,growth_investor
BEL,2023.0,capital_returner
BEL,2024.0,growth_investor
BEL,,insufficient_data
BHEL,2013.0,deleveraging
BHEL,2014.0,cash_compounder
BHEL,2015.0,deleveraging
BHEL,2016.0,distressed
BHEL,2017.0,capital_returner
BHEL,2018.0,cash_compounder
BHEL,2019.0,capital_returner
BHEL,2020.0,distressed
BHEL,2021.0,distressed
BHEL,2022.0,capital_returner
BHEL,2023.0,deleveraging
BHEL,2024.0,distressed
BHEL,,insufficient_data
BOSCHLTD,2012.0,deleveraging
BOSCHLTD,2013.0,cash_compounder
BOSCHLTD,2015.0,cash_compounder
BOSCHLTD,2016.0,deleveraging
BOSCHLTD,2017.0,capital_returner
BOSCHLTD,2018.0,cash_compounder
BOSCHLTD,2019.0,deleveraging
BOSCHLTD,2020.0,cash_compounder
BOSCHLTD,2021.0,cash_compounder
BOSCHLTD,2022.0,capital_returner
BOSCHLTD,2023.0,capital_returner
BOSCHLTD,2024.0,capital_returner
BOSCHLTD,,insufficient_data
BPCL,2013.0,cash_compounder
BPCL,2014.0,cash_compounder
BPCL,2015.0,cash_compounder
BPCL,2016.0,cash_compounder
BPCL,2017.0,capital_returner
BPCL,2018.0,cash_compounder
BPCL,2019.0,capital_returner
BPCL,2020.0,capital_returner
BPCL,2021.0,cash_compounder
BPCL,2022.0,cash_compounder
BPCL,2023.0,cash_compounder
BPCL,2024.0,cash_compounder
BPCL,,insufficient_data
BRITANNIA,2013.0,cash_compounder
BRITANNIA,2014.0,cash_compounder
BRITANNIA,2015.0,capital_returner
BRITANNIA,2016.0,cash_compounder
BRITANNIA,2017.0,capital_returner
BRITANNIA,2018.0,cash_compounder
BRITANNIA,2019.0,cash_compounder
BRITANNIA,2020.0,capital_returner
BRITANNIA,2021.0,cash_compounder
BRITANNIA,2022.0,capital_returner
BRITANNIA,2023.0,cash_compounder
BRITANNIA,2024.0,cash_compounder
BRITANNIA,,insufficient_data
CANBK,2013.0,financial_institution
CANBK,2014.0,financial_institution
CANBK,2015.0,financial_institution
CANBK,2016.0,financial_institution
CANBK,2017.0,financial_institution
CANBK,2018.0,financial_institution
CANBK,2019.0,financial_institution
CANBK,2020.0,financial_institution
CANBK,2021.0,financial_institution
CANBK,2022.0,financial_institution
CANBK,2023.0,financial_institution
CANBK,2024.0,financial_institution
CANBK,,financial_institution
CHOLAFIN,2013.0,financial_institution
CHOLAFIN,2014.0,financial_institution
CHOLAFIN,2015.0,financial_institution
CHOLAFIN,2016.0,financial_institution
CHOLAFIN,2017.0,financial_institution
CHOLAFIN,2018.0,financial_institution
CHOLAFIN,2019.0,financial_institution
CHOLAFIN,2020.0,financial_institution
CHOLAFIN,2021.0,financial_institution
CHOLAFIN,2022.0,financial_institution
CHOLAFIN,2023.0,financial_institution
CHOLAFIN,2024.0,financial_institution
CHOLAFIN,,financial_institution
CIPLA,2013.0,deleveraging
CIPLA,2014.0,cash_compounder
CIPLA,2015.0,deleveraging
CIPLA,2016.0,capital_intensive
CIPLA,2017.0,cash_compounder
CIPLA,2018.0,cash_compounder
CIPLA,2019.0,cash_compounder
CIPLA,2020.0,cash_compounder
CIPLA,2021.0,cash_compounder
CIPLA,2022.0,cash_compounder
CIPLA,2023.0,cash_compounder
CIPLA,2024.0,deleveraging
CIPLA,,insufficient_data
COALINDIA,2013.0,capital_returner
COALINDIA,2014.0,capital_returner
COALINDIA,2015.0,cash_compounder
COALINDIA,2016.0,capital_returner
COALINDIA,2017.0,cash_compounder
COALINDIA,2018.0,cash_compounder
COALINDIA,2019.0,capital_returner
COALINDIA,2020.0,capital_returner
COALINDIA,2021.0,capital_returner
COALINDIA,2022.0,cash_compounder
COALINDIA,2023.0,cash_compounder
COALINDIA,2024.0,capital_returner
COALINDIA,,insufficient_data
DABUR,2013.0,cash_compounder
DABUR,2014.0,cash_compounder
DABUR,2015.0,capital_returner
DABUR,2016.0,capital_returner
DABUR,2017.0,capital_returner
DABUR,2018.0,capital_returner
DABUR,2019.0,cash_compounder
DABUR,2020.0,cash_compounder
DABUR,2021.0,cash_compounder
DABUR,2022.0,cash_compounder
DABUR,2023.0,capital_returner
DABUR,2024.0,cash_compounder
DABUR,,insufficient_data
DIVISLAB,2013.0,capital_returner
DIVISLAB,2014.0,capital_returner
DIVISLAB,2015.0,capital_returner
DIVISLAB,2016.0,deleveraging
DIVISLAB,2017.0,cash_compounder
DIVISLAB,2018.0,capital_returner
DIVISLAB,2019.0,capital_returner
DIVISLAB,2020.0,capital_returner
DIVISLAB,2021.0,capital_returner
DIVISLAB,2022.0,capital_returner
DIVISLAB,2023.0,capital_returner
DIVISLAB,2024.0,capital_returner
DIVISLAB,,insufficient_data
DLF,2013.0,cash_compounder
DLF,2014.0,cash_compounder
DLF,2015.0,cash_compounder
DLF,2016.0,cash_compounder
DLF,2017.0,capital_returner
DLF,2018.0,distressed
DLF,2019.0,cash_compounder
DLF,2020.0,distressed
DLF,2021.0,cash_compounder
DLF,2022.0,cash_compounder
DLF,2023.0,cash_compounder
DLF,2024.0,capital_returner
DLF,,insufficient_data
DMART,2013.0,growth_investor
DMART,2014.0,growth_investor
DMART,2015.0,growth_investor
DMART,2016.0,growth_investor
DMART,2017.0,growth_investor
DMART,2018.0,deleveraging
DMART,2019.0,growth_investor
DMART,2020.0,growth_investor
DMART,2021.0,cash_compounder
DMART,2022.0,deleveraging
DMART,2023.0,cash_compounder
DMART,2024.0,cash_compounder
DMART,,insufficient_data
DRREDDY,2013.0,growth_investor
DRREDDY,2014.0,cash_compounder
DRREDDY,2015.0,cash_compounder
DRREDDY,2016.0,cash_compounder
DRREDDY,2017.0,cash_compounder
DRREDDY,2018.0,cash_compounder
DRREDDY,2019.0,cash_compounder
DRREDDY,2020.0,cash_compounder
DRREDDY,2021.0,cash_compounder
DRREDDY,2022.0,cash_compounder
DRREDDY,2023.0,cash_compounder
DRREDDY,2024.0,deleveraging
DRREDDY,,insufficient_data
EICHERMOT,2012.0,growth_investor
EICHERMOT,2013.0,growth_investor
EICHERMOT,2014.0,growth_investor
EICHERMOT,2016.0,cash_compounder
EICHERMOT,2017.0,growth_investor
EICHERMOT,2018.0,cash_compounder
EICHERMOT,2019.0,deleveraging
EICHERMOT,2020.0,deleveraging
EICHERMOT,2021.0,cash_compounder
EICHERMOT,2022.0,capital_returner
EICHERMOT,2023.0,capital_returner
EICHERMOT,2024.0,capital_returner
EICHERMOT,,insufficient_data
GAIL,2013.0,growth_investor
GAIL,2014.0,capital_returner
GAIL,2015.0,cash_compounder
GAIL,2016.0,cash_compounder
GAIL,2017.0,cash_compounder
GAIL,2018.0,cash_compounder
GAIL,2019.0,cash_compounder
GAIL,2020.0,capital_returner
GAIL,2021.0,cash_compounder
GAIL,2022.0,capital_returner
GAIL,2023.0,growth_investor
GAIL,2024.0,cash_compounder
GAIL,,insufficient_data
GODREJCP,2013.0,capital_intensive
GODREJCP,2014.0,cash_compounder
GODREJCP,2015.0,capital_intensive
GODREJCP,2016.0,cash_compounder
GODREJCP,2017.0,capital_returner
GODREJCP,2018.0,cash_compounder
GODREJCP,2019.0,capital_returner
GODREJCP,2020.0,cash_compounder
GODREJCP,2021.0,cash_compounder
GODREJCP,2022.0,deleveraging
GODREJCP,2023.0,cash_compounder
GODREJCP,2024.0,distressed
GODREJCP,,insufficient_data
GRASIM,2013.0,growth_investor
GRASIM,2014.0,cash_compounder
GRASIM,2015.0,cash_compounder
GRASIM,2016.0,cash_compounder
GRASIM,2017.0,cash_compounder
GRASIM,2018.0,growth_investor
GRASIM,2019.0,growth_investor
GRASIM,2020.0,cash_compounder
GRASIM,2021.0,cash_compounder
GRASIM,2022.0,capital_intensive
GRASIM,2023.0,growth_investor
GRASIM,2024.0,growth_investor
GRASIM,,insufficient_data
HAL,2013.0,insufficient_data
HAL,2014.0,insufficient_data
HAL,2015.0,insufficient_data
HAL,2016.0,capital_returner
HAL,2017.0,capital_returner
HAL,2018.0,capital_returner
HAL,2019.0,capital_returner
HAL,2020.0,capital_returner
HAL,2021.0,cash_compounder
HAL,2022.0,capital_returner
HAL,2023.0,cash_compounder
HAL,2024.0,cash_compounder
HAL,,insufficient_data
HAVELLS,2013.0,cash_compounder
HAVELLS,2014.0,cash_compounder
HAVELLS,2015.0,cash_compounder
HAVELLS,2016.0,capital_returner
HAVELLS,2017.0,cash_compounder
HAVELLS,2018.0,cash_compounder
HAVELLS,2019.0,capital_returner
HAVELLS,2020.0,cash_compounder
HAVELLS,2021.0,growth_investor
HAVELLS,2022.0,cash_compounder
HAVELLS,2023.0,capital_returner
HAVELLS,2024.0,cash_compounder
HAVELLS,,insufficient_data
HCLTECH,2013.0,cash_compounder
HCLTECH,2014.0,deleveraging
HCLTECH,2015.0,capital_returner
HCLTECH,2016.0,capital_returner
HCLTECH,2017.0,cash_compounder
HCLTECH,2018.0,deleveraging
HCLTECH,2019.0,deleveraging
HCLTECH,2020.0,cash_compounder
HCLTECH,2021.0,cash_compounder
HCLTECH,2022.0,cash_compounder
HCLTECH,2023.0,cash_compounder
HCLTECH,2024.0,cash_compounder
HCLTECH,,insufficient_data
HDFCBANK,2013.0,financial_institution
HDFCBANK,2014.0,financial_institution
HDFCBANK,2015.0,financial_institution
HDFCBANK,2016.0,financial_institution
HDFCBANK,2017.0,financial_institution
HDFCBANK,2018.0,financial_institution
HDFCBANK,2019.0,financial_institution
HDFCBANK,2020.0,financial_institution
HDFCBANK,2021.0,financial_institution
HDFCBANK,2022.0,financial_institution
HDFCBANK,2023.0,financial_institution
HDFCBANK,2024.0,financial_institution
HDFCBANK,,financial_institution
HDFCLIFE,2013.0,financial_institution
HDFCLIFE,2014.0,financial_institution
HDFCLIFE,2015.0,financial_institution
HDFCLIFE,2016.0,financial_institution
HDFCLIFE,2017.0,financial_institution
HDFCLIFE,2018.0,financial_institution
HDFCLIFE,2019.0,financial_institution
HDFCLIFE,2020.0,financial_institution
HDFCLIFE,2021.0,financial_institution
HDFCLIFE,2022.0,financial_institution
HDFCLIFE,2023.0,financial_institution
HDFCLIFE,2024.0,financial_institution
HDFCLIFE,,financial_institution
HEROMOTOCO,2014.0,cash_compounder
HEROMOTOCO,2015.0,capital_returner
HEROMOTOCO,2016.0,cash_compounder
HEROMOTOCO,2017.0,cash_compounder
HEROMOTOCO,2018.0,cash_compounder
HEROMOTOCO,2019.0,capital_returner
HEROMOTOCO,2020.0,cash_compounder
HEROMOTOCO,2021.0,cash_compounder
HEROMOTOCO,2022.0,capital_returner
HEROMOTOCO,2023.0,capital_returner
HEROMOTOCO,2024.0,cash_compounder
HEROMOTOCO,,insufficient_data
HINDALCO,2013.0,growth_investor
HINDALCO,2014.0,growth_investor
HINDALCO,2015.0,distressed
HINDALCO,2016.0,distressed
HINDALCO,2017.0,cash_compounder
HINDALCO,2018.0,cash_compounder
HINDALCO,2019.0,cash_compounder
HINDALCO,2020.0,cash_compounder
HINDALCO,2021.0,distressed
HINDALCO,2022.0,cash_compounder
HINDALCO,2023.0,cash_compounder
HINDALCO,2024.0,cash_compounder
HINDALCO,,insufficient_data
HINDUNILVR,2013.0,capital_returner
HINDUNILVR,2014.0,capital_returner
HINDUNILVR,2015.0,capital_returner
HINDUNILVR,2016.0,cash_compounder
HINDUNILVR,2017.0,cash_compounder
HINDUNILVR,2018.0,cash_compounder
HINDUNILVR,2019.0,capital_returner
HINDUNILVR,2020.0,cash_compounder
HINDUNILVR,2021.0,cash_compounder
HINDUNILVR,2022.0,cash_compounder
HINDUNILVR,2023.0,capital_returner
HINDUNILVR,2024.0,cash_compounder
HINDUNILVR,,insufficient_data
ICICIBANK,2013.0,financial_institution
ICICIBANK,2014.0,financial_institution
ICICIBANK,2015.0,financial_institution
ICICIBANK,2016.0,financial_institution
ICICIBANK,2017.0,financial_institution
ICICIBANK,2018.0,financial_institution
ICICIBANK,2019.0,financial_institution
ICICIBANK,2020.0,financial_institution
ICICIBANK,2021.0,financial_institution
ICICIBANK,2022.0,financial_institution
ICICIBANK,2023.0,financial_institution
ICICIBANK,2024.0,financial_institution
ICICIBANK,,financial_institution
ICICIGI,2013.0,cash_compounder
ICICIGI,2014.0,growth_investor
ICICIGI,2015.0,deleveraging
ICICIGI,2016.0,cash_compounder
ICICIGI,2017.0,distressed
ICICIGI,2018.0,cash_compounder
ICICIGI,2019.0,distressed
ICICIGI,2020.0,cash_compounder
ICICIGI,2021.0,cash_compounder
ICICIGI,2022.0,capital_returner
ICICIGI,2023.0,cash_compounder
ICICIGI,2024.0,cash_compounder
ICICIGI,,insufficient_data
ICICIPRULI,2013.0,financial_institution
ICICIPRULI,2014.0,financial_institution
ICICIPRULI,2015.0,financial_institution
ICICIPRULI,2016.0,financial_institution
ICICIPRULI,2017.0,financial_institution
ICICIPRULI,2018.0,financial_institution
ICICIPRULI,2019.0,financial_institution
ICICIPRULI,2020.0,financial_institution
ICICIPRULI,2021.0,financial_institution
ICICIPRULI,2022.0,financial_institution
ICICIPRULI,2023.0,financial_institution
ICICIPRULI,2024.0,financial_institution
ICICIPRULI,,financial_institution
INDUSINDBK,2013.0,financial_institution
INDUSINDBK,2014.0,financial_institution
INDUSINDBK,2015.0,financial_institution
INDUSINDBK,2016.0,financial_institution
INDUSINDBK,2017.0,financial_institution
INDUSINDBK,2018.0,financial_institution
INDUSINDBK,2019.0,financial_institution
INDUSINDBK,2020.0,financial_institution
INDUSINDBK,2021.0,financial_institution
INDUSINDBK,2022.0,financial_institution
INDUSINDBK,2023.0,financial_institution
INDUSINDBK,2024.0,financial_institution
INDUSINDBK,,financial_institution
INFY,2013.0,deleveraging
INFY,2014.0,capital_returner
INFY,2015.0,capital_returner
INFY,2016.0,capital_returner
INFY,2017.0,growth_investor
INFY,2018.0,capital_returner
INFY,2019.0,capital_returner
INFY,2020.0,cash_compounder
INFY,2021.0,cash_compounder
INFY,2022.0,cash_compounder
INFY,2023.0,capital_returner
INFY,2024.0,deleveraging
INFY,,insufficient_data
IOC,2013.0,cash_compounder
IOC,2014.0,cash_compounder
IOC,2015.0,cash_compounder
IOC,2016.0,cash_compounder
IOC,2017.0,cash_compounder
IOC,2018.0,cash_compounder
IOC,2019.0,capital_returner
IOC,2020.0,distressed
IOC,2021.0,cash_compounder
IOC,2022.0,cash_compounder
IOC,2023.0,cash_compounder
IOC,2024.0,cash_compounder
IOC,,insufficient_data
IRCTC,2015.0,deleveraging
IRCTC,2016.0,cash_compounder
IRCTC,2017.0,cash_compounder
IRCTC,2018.0,deleveraging
IRCTC,2019.0,cash_compounder
IRCTC,2020.0,capital_returner
IRCTC,2021.0,growth_investor
IRCTC,2022.0,capital_returner
IRCTC,2023.0,capital_returner
IRCTC,2024.0,capital_returner
IRCTC,,insufficient_data
IRFC,2013.0,financial_institution
IRFC,2014.0,financial_institution
IRFC,2015.0,financial_institution
IRFC,2016.0,financial_institution
IRFC,2017.0,financial_institution
IRFC,2018.0,financial_institution
IRFC,2019.0,financial_institution
IRFC,2020.0,financial_institution
IRFC,2021.0,financial_institution
IRFC,2022.0,financial_institution
IRFC,2023.0,financial_institution
IRFC,2024.0,financial_institution
IRFC,,financial_institution
ITC,2013.0,capital_returner
ITC,2014.0,capital_returner
ITC,2015.0,cash_compounder
ITC,2016.0,cash_compounder
ITC,2017.0,cash_compounder
ITC,2018.0,cash_compounder
ITC,2019.0,capital_returner
ITC,2020.0,capital_returner
ITC,2021.0,capital_returner
ITC,2022.0,cash_compounder
ITC,2023.0,capital_returner
ITC,2024.0,capital_returner
ITC,,insufficient_data
JINDALSTEL,2013.0,capital_intensive
JINDALSTEL,2014.0,capital_intensive
JINDALSTEL,2015.0,distressed
JINDALSTEL,2016.0,distressed
JINDALSTEL,2017.0,distressed
JINDALSTEL,2018.0,distressed
JINDALSTEL,2019.0,distressed
JINDALSTEL,2020.0,distressed
JINDALSTEL,2021.0,cash_compounder
JINDALSTEL,2022.0,cash_compounder
JINDALSTEL,2023.0,cash_compounder
JINDALSTEL,2024.0,capital_intensive
JINDALSTEL,,insufficient_data
JIOFIN,2023.0,financial_institution
JIOFIN,2024.0,financial_institution
JIOFIN,,financial_institution
JSWENERGY,2013.0,cash_compounder
JSWENERGY,2014.0,cash_compounder
JSWENERGY,2015.0,cash_compounder
JSWENERGY,2016.0,cash_compounder
JSWENERGY,2017.0,cash_compounder
JSWENERGY,2018.0,cash_compounder
JSWENERGY,2019.0,cash_compounder
JSWENERGY,2020.0,cash_compounder
JSWENERGY,2021.0,cash_compounder
JSWENERGY,2022.0,cash_compounder
JSWENERGY,2023.0,capital_intensive
JSWENERGY,2024.0,capital_intensive
JSWENERGY,,insufficient_data
JSWSTEEL,2013.0,cash_compounder
JSWSTEEL,2014.0,growth_investor
JSWSTEEL,2015.0,cash_compounder
JSWSTEEL,2016.0,distressed
JSWSTEEL,2017.0,cash_compounder
JSWSTEEL,2018.0,cash_compounder
JSWSTEEL,2019.0,cash_compounder
JSWSTEEL,2020.0,growth_investor
JSWSTEEL,2021.0,cash_compounder
JSWSTEEL,2022.0,cash_compounder
JSWSTEEL,2023.0,cash_compounder
JSWSTEEL,2024.0,growth_investor
JSWSTEEL,,insufficient_data
KOTAKBANK,2013.0,financial_institution
KOTAKBANK,2014.0,financial_institution
KOTAKBANK,2015.0,financial_institution
KOTAKBANK,2016.0,financial_institution
KOTAKBANK,2017.0,financial_institution
KOTAKBANK,2018.0,financial_institution
KOTAKBANK,2019.0,financial_institution
KOTAKBANK,2020.0,financial_institution
KOTAKBANK,2021.0,financial_institution
KOTAKBANK,2022.0,financial_institution
KOTAKBANK,2023.0,financial_institution
KOTAKBANK,2024.0,financial_institution
KOTAKBANK,,financial_institution
LICI,2019.0,financial_institution
LICI,2020.0,financial_institution
LICI,2021.0,financial_institution
LICI,2022.0,financial_institution
LICI,2023.0,financial_institution
LICI,2024.0,financial_institution
LICI,,financial_institution
LODHA,2011.0,capital_intensive
LODHA,2012.0,capital_intensive
LODHA,2015.0,capital_intensive
LODHA,2016.0,capital_intensive
LODHA,2017.0,cash_compounder
LODHA,2018.0,capital_intensive
LODHA,2019.0,capital_intensive
LODHA,2020.0,cash_compounder
LODHA,2021.0,cash_compounder
LODHA,2022.0,cash_compounder
LODHA,2023.0,cash_compounder
LODHA,2024.0,capital_intensive
LODHA,,insufficient_data
LT,2013.0,growth_investor
LT,2014.0,growth_investor
LT,2015.0,growth_investor
LT,2016.0,growth_investor
LT,2017.0,growth_investor
LT,2018.0,growth_investor
LT,2019.0,growth_investor
LT,2020.0,growth_investor
LT,2021.0,cash_compounder
LT,2022.0,cash_compounder
LT,2023.0,cash_compounder
LT,2024.0,cash_compounder
LT,,insufficient_data
LTIM,2013.0,cash_compounder
LTIM,2014.0,capital_returner
LTIM,2015.0,capital_returner
LTIM,2016.0,cash_compounder
LTIM,2017.0,cash_compounder
LTIM,2018.0,capital_returner
LTIM,2019.0,capital_returner
LTIM,2020.0,cash_compounder
LTIM,2021.0,cash_compounder
LTIM,2022.0,capital_returner
LTIM,2023.0,capital_returner
LTIM,2024.0,cash_compounder
LTIM,,insufficient_data
M&M,2013.0,capital_intensive
M&M,2014.0,capital_intensive
M&M,2015.0,capital_intensive
M&M,2016.0,capital_intensive
M&M,2017.0,capital_intensive
M&M,2018.0,capital_intensive
M&M,2019.0,capital_intensive
M&M,2020.0,distressed
M&M,2021.0,capital_returner
M&M,2022.0,cash_compounder
M&M,2023.0,capital_intensive
M&M,2024.0,capital_intensive
M&M,,insufficient_data
MARUTI,2013.0,cash_compounder
MARUTI,2014.0,growth_investor
MARUTI,2015.0,cash_compounder
MARUTI,2016.0,cash_compounder
MARUTI,2017.0,cash_compounder
MARUTI,2018.0,cash_compounder
MARUTI,2019.0,capital_returner
MARUTI,2020.0,capital_returner
MARUTI,2021.0,cash_compounder
MARUTI,2022.0,capital_returner
MARUTI,2023.0,cash_compounder
MARUTI,2024.0,cash_compounder
MARUTI,,insufficient_data
MOTHERSON,2013.0,cash_compounder
MOTHERSON,2014.0,cash_compounder
MOTHERSON,2015.0,cash_compounder
MOTHERSON,2016.0,cash_compounder
MOTHERSON,2017.0,capital_efficient
MOTHERSON,2018.0,cash_compounder
MOTHERSON,2019.0,cash_compounder
MOTHERSON,2020.0,cash_compounder
MOTHERSON,2021.0,cash_compounder
MOTHERSON,2022.0,cash_compounder
MOTHERSON,2023.0,cash_compounder
MOTHERSON,2024.0,cash_compounder
MOTHERSON,,insufficient_data
NAUKRI,2013.0,deleveraging
NAUKRI,2014.0,growth_investor
NAUKRI,2015.0,distressed
NAUKRI,2016.0,capital_returner
NAUKRI,2017.0,distressed
NAUKRI,2018.0,deleveraging
NAUKRI,2019.0,deleveraging
NAUKRI,2020.0,distressed
NAUKRI,2021.0,growth_investor
NAUKRI,2022.0,growth_investor
NAUKRI,2023.0,distressed
NAUKRI,2024.0,growth_investor
NAUKRI,,insufficient_data
NESTLEIND,2013.0,cash_compounder
NESTLEIND,2014.0,cash_compounder
NESTLEIND,2015.0,cash_compounder
NESTLEIND,2016.0,cash_compounder
NESTLEIND,2017.0,cash_compounder
NESTLEIND,2018.0,cash_compounder
NESTLEIND,2019.0,cash_compounder
NESTLEIND,2020.0,cash_compounder
NESTLEIND,2021.0,cash_compounder
NESTLEIND,2022.0,cash_compounder
NESTLEIND,2023.0,cash_compounder
NESTLEIND,2024.0,cash_compounder
NESTLEIND,,insufficient_data
NHPC,2013.0,capital_returner
NHPC,2014.0,cash_compounder
NHPC,2015.0,cash_compounder
NHPC,2016.0,cash_compounder
NHPC,2017.0,cash_compounder
NHPC,2018.0,cash_compounder
NHPC,2019.0,cash_compounder
NHPC,2020.0,capital_returner
NHPC,2021.0,cash_compounder
NHPC,2022.0,cash_compounder
NHPC,2023.0,cash_compounder
NHPC,2024.0,cash_compounder
NHPC,,insufficient_data
NTPC,2013.0,growth_investor
NTPC,2014.0,cash_compounder
NTPC,2015.0,growth_investor
NTPC,2016.0,cash_compounder
NTPC,2017.0,growth_investor
NTPC,2018.0,growth_investor
NTPC,2019.0,growth_investor
NTPC,2020.0,growth_investor
NTPC,2021.0,cash_compounder
NTPC,2022.0,cash_compounder
NTPC,2023.0,cash_compounder
NTPC,2024.0,cash_compounder
NTPC,,insufficient_data
ONGC,2013.0,capital_returner
ONGC,2014.0,capital_returner
ONGC,2015.0,cash_compounder
ONGC,2016.0,cash_compounder
ONGC,2017.0,cash_compounder
ONGC,2018.0,capital_returner
ONGC,2019.0,cash_compounder
ONGC,2020.0,cash_compounder
ONGC,2021.0,cash_compounder
ONGC,2022.0,cash_compounder
ONGC,2023.0,cash_compounder
ONGC,2024.0,cash_compounder
ONGC,,insufficient_data
PFC,2013.0,financial_institution
PFC,2014.0,financial_institution
PFC,2015.0,financial_institution
PFC,2016.0,financial_institution
PFC,2017.0,financial_institution
PFC,2018.0,financial_institution
PFC,2019.0,financial_institution
PFC,2020.0,financial_institution
PFC,2021.0,financial_institution
PFC,2022.0,financial_institution
PFC,2023.0,financial_institution
PFC,2024.0,financial_institution
PFC,,financial_institution
PIDILITIND,2013.0,cash_compounder
PIDILITIND,2014.0,capital_returner
PIDILITIND,2015.0,cash_compounder
PIDILITIND,2016.0,cash_compounder
PIDILITIND,2017.0,growth_investor
PIDILITIND,2018.0,capital_returner
PIDILITIND,2019.0,capital_returner
PIDILITIND,2020.0,cash_compounder
PIDILITIND,2021.0,growth_investor
PIDILITIND,2022.0,capital_returner
PIDILITIND,2023.0,cash_compounder
PIDILITIND,2024.0,cash_compounder
PIDILITIND,,insufficient_data
PNB,2013.0,financial_institution
PNB,2014.0,financial_institution
PNB,2015.0,financial_institution
PNB,2016.0,financial_institution
PNB,2017.0,financial_institution
PNB,2018.0,financial_institution
PNB,2019.0,financial_institution
PNB,2020.0,financial_institution
PNB,2021.0,financial_institution
PNB,2022.0,financial_institution
PNB,2023.0,financial_institution
PNB,2024.0,financial_institution
PNB,,financial_institution
POWERGRID,2013.0,capital_returner
POWERGRID,2014.0,capital_returner
POWERGRID,2015.0,capital_intensive
POWERGRID,2016.0,capital_intensive
POWERGRID,2017.0,capital_returner
POWERGRID,2018.0,capital_returner
POWERGRID,2019.0,cash_compounder
POWERGRID,2020.0,cash_compounder
POWERGRID,2021.0,cash_compounder
POWERGRID,2022.0,cash_compounder
POWERGRID,2023.0,cash_compounder
POWERGRID,2024.0,cash_compounder
POWERGRID,,insufficient_data
RECLTD,2013.0,growth_investor
RECLTD,2014.0,growth_investor
RECLTD,2015.0,growth_investor
RECLTD,2016.0,growth_investor
RECLTD,2017.0,cash_compounder
RECLTD,2018.0,growth_investor
RECLTD,2019.0,growth_investor
RECLTD,2020.0,growth_investor
RECLTD,2021.0,growth_investor
RECLTD,2022.0,growth_investor
RECLTD,2023.0,growth_investor
RECLTD,2024.0,growth_investor
RECLTD,,insufficient_data
RELIANCE,2013.0,cash_compounder
RELIANCE,2014.0,capital_efficient
RELIANCE,2015.0,capital_intensive
RELIANCE,2016.0,cash_compounder
RELIANCE,2017.0,capital_intensive
RELIANCE,2018.0,cash_compounder
RELIANCE,2019.0,capital_intensive
RELIANCE,2020.0,cash_compounder
RELIANCE,2021.0,capital_intensive
RELIANCE,2022.0,cash_compounder
RELIANCE,2023.0,cash_compounder
RELIANCE,2024.0,cash_compounder
RELIANCE,,insufficient_data
SBILIFE,2013.0,financial_institution
SBILIFE,2014.0,financial_institution
SBILIFE,2015.0,financial_institution
SBILIFE,2016.0,financial_institution
SBILIFE,2017.0,financial_institution
SBILIFE,2018.0,financial_institution
SBILIFE,2019.0,financial_institution
SBILIFE,2020.0,financial_institution
SBILIFE,2021.0,financial_institution
SBILIFE,2022.0,financial_institution
SBILIFE,2023.0,financial_institution
SBILIFE,2024.0,financial_institution
SBILIFE,,financial_institution
SBIN,2013.0,financial_institution
SBIN,2014.0,financial_institution
SBIN,2015.0,financial_institution
SBIN,2016.0,financial_institution
SBIN,2017.0,financial_institution
SBIN,2018.0,financial_institution
SBIN,2019.0,financial_institution
SBIN,2020.0,financial_institution
SBIN,2021.0,financial_institution
SBIN,2022.0,financial_institution
SBIN,2023.0,financial_institution
SBIN,2024.0,financial_institution
SBIN,,financial_institution
SHREECEM,2013.0,cash_compounder
SHREECEM,2014.0,cash_compounder
SHREECEM,2015.0,cash_compounder
SHREECEM,2016.0,cash_compounder
SHREECEM,2017.0,cash_compounder
SHREECEM,2018.0,growth_investor
SHREECEM,2019.0,cash_compounder
SHREECEM,2020.0,growth_investor
SHREECEM,2021.0,cash_compounder
SHREECEM,2022.0,cash_compounder
SHREECEM,2023.0,cash_compounder
SHREECEM,2024.0,cash_compounder
SHREECEM,,insufficient_data
SHRIRAMFIN,2013.0,financial_institution
SHRIRAMFIN,2014.0,financial_institution
SHRIRAMFIN,2015.0,financial_institution
SHRIRAMFIN,2016.0,financial_institution
SHRIRAMFIN,2017.0,financial_institution
SHRIRAMFIN,2018.0,financial_institution
SHRIRAMFIN,2019.0,financial_institution
SHRIRAMFIN,2020.0,financial_institution
SHRIRAMFIN,2021.0,financial_institution
SHRIRAMFIN,2022.0,financial_institution
SHRIRAMFIN,2023.0,financial_institution
SHRIRAMFIN,2024.0,financial_institution
SHRIRAMFIN,,financial_institution
SIEMENS,2011.0,deleveraging
SIEMENS,2014.0,cash_compounder
SIEMENS,2015.0,capital_returner
SIEMENS,2016.0,capital_returner
SIEMENS,2017.0,deleveraging
SIEMENS,2018.0,growth_investor
SIEMENS,2019.0,cash_compounder
SIEMENS,2020.0,capital_returner
SIEMENS,2021.0,growth_investor
SIEMENS,2022.0,deleveraging
SIEMENS,2023.0,deleveraging
SIEMENS,2024.0,deleveraging
SUNPHARMA,2013.0,deleveraging
SUNPHARMA,2014.0,cash_compounder
SUNPHARMA,2015.0,cash_compounder
SUNPHARMA,2016.0,cash_compounder
SUNPHARMA,2017.0,capital_intensive
SUNPHARMA,2018.0,cash_compounder
SUNPHARMA,2019.0,capital_intensive
SUNPHARMA,2020.0,cash_compounder
SUNPHARMA,2021.0,cash_compounder
SUNPHARMA,2022.0,cash_compounder
SUNPHARMA,2023.0,growth_investor
SUNPHARMA,2024.0,cash_compounder
SUNPHARMA,,insufficient_data
TATACONSUM,2013.0,capital_returner
TATACONSUM,2014.0,capital_returner
TATACONSUM,2015.0,cash_compounder
TATACONSUM,2016.0,distressed
TATACONSUM,2017.0,cash_compounder
TATACONSUM,2018.0,capital_returner
TATACONSUM,2019.0,capital_returner
TATACONSUM,2020.0,cash_compounder
TATACONSUM,2021.0,cash_compounder
TATACONSUM,2022.0,cash_compounder
TATACONSUM,2023.0,cash_compounder
TATACONSUM,2024.0,cash_compounder
TATACONSUM,,insufficient_data
TATAMOTORS,2013.0,capital_efficient
TATAMOTORS,2014.0,cash_compounder
TATAMOTORS,2015.0,capital_efficient
TATAMOTORS,2016.0,cash_compounder
TATAMOTORS,2017.0,capital_intensive
TATAMOTORS,2018.0,capital_intensive
TATAMOTORS,2019.0,distressed
TATAMOTORS,2020.0,distressed
TATAMOTORS,2021.0,distressed
TATAMOTORS,2022.0,distressed
TATAMOTORS,2023.0,cash_compounder
TATAMOTORS,2024.0,cash_compounder
TATAMOTORS,,insufficient_data
TATAPOWER,2013.0,growth_investor
TATAPOWER,2014.0,cash_compounder
TATAPOWER,2015.0,cash_compounder
TATAPOWER,2016.0,distressed
TATAPOWER,2017.0,growth_investor
TATAPOWER,2018.0,distressed
TATAPOWER,2019.0,distressed
TATAPOWER,2020.0,cash_compounder
TATAPOWER,2021.0,cash_compounder
TATAPOWER,2022.0,cash_compounder
TATAPOWER,2023.0,growth_investor
TATAPOWER,2024.0,cash_compounder
TATAPOWER,,insufficient_data
TATASTEEL,2013.0,distressed
TATASTEEL,2014.0,capital_returner
TATASTEEL,2015.0,distressed
TATASTEEL,2016.0,distressed
TATASTEEL,2017.0,distressed
TATASTEEL,2018.0,capital_intensive
TATASTEEL,2019.0,capital_intensive
TATASTEEL,2020.0,cash_compounder
TATASTEEL,2021.0,cash_compounder
TATASTEEL,2022.0,cash_compounder
TATASTEEL,2023.0,cash_compounder
TATASTEEL,2024.0,distressed
TATASTEEL,,insufficient_data
TCS,2013.0,capital_returner
TCS,2014.0,capital_returner
TCS,2015.0,capital_returner
TCS,2016.0,capital_returner
TCS,2017.0,capital_returner
TCS,2018.0,capital_returner
TCS,2019.0,capital_returner
TCS,2020.0,capital_returner
TCS,2021.0,cash_compounder
TCS,2022.0,cash_compounder
TCS,2023.0,capital_returner
TCS,2024.0,capital_returner
TCS,,insufficient_data
TECHM,2013.0,capital_intensive
TECHM,2014.0,deleveraging
TECHM,2015.0,deleveraging
TECHM,2016.0,cash_compounder
TECHM,2017.0,cash_compounder
TECHM,2018.0,capital_returner
TECHM,2019.0,cash_compounder
TECHM,2020.0,cash_compounder
TECHM,2021.0,cash_compounder
TECHM,2022.0,capital_returner
TECHM,2023.0,cash_compounder
TECHM,2024.0,cash_compounder
TECHM,,insufficient_data
TITAN,2013.0,capital_returner
TITAN,2014.0,growth_investor
TITAN,2015.0,deleveraging
TITAN,2016.0,capital_returner
TITAN,2017.0,cash_compounder
TITAN,2018.0,capital_returner
TITAN,2019.0,capital_returner
TITAN,2020.0,growth_investor
TITAN,2021.0,cash_compounder
TITAN,2022.0,capital_returner
TITAN,2023.0,growth_investor
TITAN,2024.0,capital_returner
TITAN,,insufficient_data
TORNTPHARM,2013.0,capital_returner
TORNTPHARM,2014.0,capital_intensive
TORNTPHARM,2015.0,capital_intensive
TORNTPHARM,2016.0,cash_compounder
TORNTPHARM,2017.0,cash_compounder
TORNTPHARM,2018.0,capital_returner
TORNTPHARM,2019.0,cash_compounder
TORNTPHARM,2020.0,cash_compounder
TORNTPHARM,2021.0,cash_compounder
TORNTPHARM,2022.0,cash_compounder
TORNTPHARM,2023.0,cash_compounder
TORNTPHARM,2024.0,cash_compounder
TORNTPHARM,,insufficient_data
TRENT,2013.0,distressed
TRENT,2014.0,distressed
TRENT,2015.0,growth_investor
TRENT,2016.0,cash_compounder
TRENT,2017.0,cash_compounder
TRENT,2018.0,capital_returner
TRENT,2019.0,growth_investor
TRENT,2020.0,growth_investor
TRENT,2021.0,distressed
TRENT,2022.0,cash_compounder
TRENT,2023.0,cash_compounder
TRENT,2024.0,capital_efficient
TRENT,,insufficient_data
TVSMOTOR,2013.0,cash_compounder
TVSMOTOR,2014.0,cash_compounder
TVSMOTOR,2015.0,growth_investor
TVSMOTOR,2016.0,cash_compounder
TVSMOTOR,2017.0,growth_investor
TVSMOTOR,2018.0,growth_investor
TVSMOTOR,2019.0,growth_investor
TVSMOTOR,2020.0,growth_investor
TVSMOTOR,2021.0,cash_compounder
TVSMOTOR,2022.0,growth_investor
TVSMOTOR,2023.0,growth_investor
TVSMOTOR,2024.0,growth_investor
TVSMOTOR,,insufficient_data
ULTRACEMCO,2013.0,growth_investor
ULTRACEMCO,2014.0,cash_compounder
ULTRACEMCO,2015.0,cash_compounder
ULTRACEMCO,2016.0,cash_compounder
ULTRACEMCO,2017.0,cash_compounder
ULTRACEMCO,2018.0,cash_compounder
ULTRACEMCO,2019.0,cash_compounder
ULTRACEMCO,2020.0,cash_compounder
ULTRACEMCO,2021.0,cash_compounder
ULTRACEMCO,2022.0,cash_compounder
ULTRACEMCO,2023.0,cash_compounder
ULTRACEMCO,2024.0,cash_compounder
ULTRACEMCO,,insufficient_data
UNIONBANK,2013.0,financial_institution
UNIONBANK,2014.0,financial_institution
UNIONBANK,2015.0,financial_institution
UNIONBANK,2016.0,financial_institution
UNIONBANK,2017.0,financial_institution
UNIONBANK,2018.0,financial_institution
UNIONBANK,2019.0,financial_institution
UNIONBANK,2020.0,financial_institution
UNIONBANK,2021.0,financial_institution
UNIONBANK,2022.0,financial_institution
UNIONBANK,2023.0,financial_institution
UNIONBANK,2024.0,financial_institution
UNIONBANK,,financial_institution
UNITDSPR,2013.0,distressed
UNITDSPR,2014.0,distressed
UNITDSPR,2015.0,distressed
UNITDSPR,2016.0,distressed
UNITDSPR,2017.0,cash_compounder
UNITDSPR,2018.0,cash_compounder
UNITDSPR,2019.0,cash_compounder
UNITDSPR,2020.0,cash_compounder
UNITDSPR,2021.0,cash_compounder
UNITDSPR,2022.0,cash_compounder
UNITDSPR,2023.0,deleveraging
UNITDSPR,2024.0,capital_returner
UNITDSPR,,insufficient_data
VBL,2012.0,insufficient_data
VBL,2013.0,insufficient_data
VBL,2014.0,insufficient_data
VBL,2015.0,insufficient_data
VBL,2016.0,insufficient_data
VBL,2017.0,insufficient_data
VBL,2018.0,insufficient_data
VBL,2019.0,insufficient_data
VBL,2020.0,insufficient_data
VBL,2021.0,insufficient_data
VBL,2022.0,insufficient_data
VBL,2023.0,insufficient_data
VBL,,insufficient_data
VEDL,2013.0,distressed
VEDL,2014.0,cash_compounder
VEDL,2015.0,distressed
VEDL,2016.0,distressed
VEDL,2017.0,cash_compounder
VEDL,2018.0,cash_compounder
VEDL,2019.0,cash_compounder
VEDL,2020.0,distressed
VEDL,2021.0,cash_compounder
VEDL,2022.0,cash_compounder
VEDL,2023.0,cash_compounder
VEDL,2024.0,cash_compounder
VEDL,,insufficient_data
WIPRO,2013.0,cash_compounder
WIPRO,2014.0,deleveraging
WIPRO,2015.0,capital_returner
WIPRO,2016.0,capital_intensive
WIPRO,2017.0,capital_intensive
WIPRO,2018.0,cash_compounder
WIPRO,2019.0,cash_compounder
WIPRO,2020.0,cash_compounder
WIPRO,2021.0,cash_compounder
WIPRO,2022.0,capital_returner
WIPRO,2023.0,cash_compounder
WIPRO,2024.0,cash_compounder
WIPRO,,insufficient_data
ZOMATO,2018.0,distressed
ZOMATO,2019.0,distressed
ZOMATO,2020.0,distressed
ZOMATO,2021.0,distressed
ZOMATO,2022.0,distressed
ZOMATO,2023.0,distressed
ZOMATO,2024.0,distressed
ZOMATO,,insufficient_data
ZYDUSLIFE,2013.0,capital_intensive
ZYDUSLIFE,2014.0,cash_compounder
ZYDUSLIFE,2015.0,capital_intensive
ZYDUSLIFE,2016.0,capital_intensive
ZYDUSLIFE,2017.0,capital_intensive
ZYDUSLIFE,2018.0,capital_intensive
ZYDUSLIFE,2019.0,capital_intensive
ZYDUSLIFE,2020.0,cash_compounder
ZYDUSLIFE,2021.0,cash_compounder
ZYDUSLIFE,2022.0,deleveraging
ZYDUSLIFE,2023.0,cash_compounder
ZYDUSLIFE,2024.0,deleveraging
ZYDUSLIFE,,insufficient_data
INDIGO,2013.0,growth_investor
INDIGO,2014.0,growth_investor
INDIGO,2015.0,cash_compounder
INDIGO,2016.0,cash_compounder
INDIGO,2017.0,cash_compounder
INDIGO,2018.0,growth_investor
INDIGO,2019.0,cash_compounder
INDIGO,2020.0,distressed
INDIGO,2021.0,distressed
INDIGO,2022.0,distressed
INDIGO,2023.0,distressed
INDIGO,2024.0,cash_compounder
INDIGO,,insufficient_data
