company_id,year,previous_pattern,capital_allocation_pattern
ABB,2015.0,deleveraging,capital_returner
ABB,2016.0,capital_returner,cash_compounder
ABB,2018.0,cash_compounder,capital_returner
ABB,2022.0,capital_returner,cash_compounder
ABB,2023.0,cash_compounder,capital_returner
ABB,2024.0,capital_returner,cash_compounder
ABB,,cash_compounder,insufficient_data
ADANIENSOL,2015.0,insufficient_data,distressed
ADANIENSOL,2016.0,distressed,cash_compounder
ADANIENSOL,2018.0,cash_compounder,growth_investor
ADANIENSOL,2022.0,growth_investor,cash_compounder
ADANIENSOL,2023.0,cash_compounder,growth_investor
ADANIENSOL,2024.0,growth_investor,cash_compounder
ADANIENSOL,,cash_compounder,insufficient_data
ADANIENT,2014.0,growth_investor,cash_compounder
ADANIENT,2015.0,cash_compounder,growth_investor
ADANIENT,2016.0,growth_investor,cash_compounder
ADANIENT,2017.0,cash_compounder,growth_investor
ADANIENT,2019.0,growth_investor,cash_compounder
ADANIENT,2021.0,cash_compounder,growth_investor
ADANIENT,2023.0,growth_investor,cash_compounder
ADANIENT,2024.0,cash_compounder,growth_investor
ADANIENT,,growth_investor,insufficient_data
ADANIGREEN,2021.0,distressed,growth_investor
ADANIGREEN,2023.0,growth_investor,cash_compounder
ADANIGREEN,2024.0,cash_compounder,growth_investor
ADANIGREEN,,growth_investor,insufficient_data
ADANIPORTS,2015.0,growth_investor,cash_compounder
ADANIPORTS,2016.0,cash_compounder,growth_investor
ADANIPORTS,2017.0,growth_investor,cash_compounder
ADANIPORTS,2021.0,cash_compounder,growth_investor
ADANIPORTS,2022.0,growth_investor,cash_compounder
ADANIPORTS,2023.0,cash_compounder,growth_investor
ADANIPORTS,2024.0,growth_investor,cash_compounder
ADANIPORTS,,cash_compounder,insufficient_data
ADANIPOWER,2016.0,distressed,cash_compounder
ADANIPOWER,2017.0,cash_compounder,distressed
ADANIPOWER,2021.0,distressed,cash_compounder
ADANIPOWER,2023.0,cash_compounder,capital_intensive
ADANIPOWER,,capital_intensive,insufficient_data
AMBUJACEM,2013.0,cash_compounder,capital_returner
AMBUJACEM,2014.0,capital_returner,cash_compounder
AMBUJACEM,2016.0,cash_compounder,capital_returner
AMBUJACEM,2017.0,capital_returner,cash_compounder
AMBUJACEM,2018.0,cash_compounder,deleveraging
AMBUJACEM,2019.0,deleveraging,cash_compounder
AMBUJACEM,2023.0,cash_compounder,deleveraging
AMBUJACEM,,deleveraging,insufficient_data
APOLLOHOSP,2014.0,growth_investor,cash_compounder
APOLLOHOSP,2015.0,cash_compounder,growth_investor
APOLLOHOSP,2018.0,growth_investor,cash_compounder
APOLLOHOSP,,cash_compounder,insufficient_data
ASIANPAINT,2015.0,cash_compounder,capital_returner
ASIANPAINT,2016.0,capital_returner,cash_compounder
ASIANPAINT,2017.0,cash_compounder,capital_returner
ASIANPAINT,2018.0,capital_returner,cash_compounder
ASIANPAINT,2022.0,cash_compounder,capital_returner
ASIANPAINT,2024.0,capital_returner,cash_compounder
ASIANPAINT,,cash_compounder,insufficient_data
ATGL,,capital_intensive,insufficient_data
BAJAJAUTO,2014.0,capital_returner,cash_compounder
BAJAJAUTO,2015.0,cash_compounder,capital_returner
BAJAJAUTO,2018.0,capital_returner,cash_compounder
BAJAJAUTO,2019.0,cash_compounder,capital_returner
BAJAJAUTO,,capital_returner,insufficient_data
BAJAJHLDNG,2017.0,deleveraging,growth_investor
BAJAJHLDNG,2018.0,growth_investor,deleveraging
BAJAJHLDNG,2021.0,deleveraging,growth_investor
BAJAJHLDNG,2022.0,growth_investor,capital_returner
BAJAJHLDNG,2024.0,capital_returner,deleveraging
BAJAJHLDNG,,deleveraging,insufficient_data
BEL,2015.0,capital_efficient,cash_compounder
BEL,2017.0,cash_compounder,capital_returner
BEL,2018.0,capital_returner,growth_investor
BEL,2019.0,growth_investor,capital_returner
BEL,2020.0,capital_returner,cash_compounder
BEL,2022.0,cash_compounder,growth_investor
BEL,2023.0,growth_investor,capital_returner
BEL,2024.0,capital_returner,growth_investor
BEL,,growth_investor,insufficient_data
BHARTIARTL,2017.0,cash_compounder,growth_investor
BHARTIARTL,2018.0,growth_investor,cash_compounder
BHARTIARTL,2019.0,cash_compounder,growth_investor
BHARTIARTL,2020.0,growth_investor,distressed
BHARTIARTL,2022.0,distressed,cash_compounder
BHARTIARTL,,cash_compounder,insufficient_data
BHEL,2014.0,deleveraging,cash_compounder
BHEL,2015.0,cash_compounder,deleveraging
BHEL,2016.0,deleveraging,distressed
BHEL,2017.0,distressed,capital_returner
BHEL,2018.0,capital_returner,cash_compounder
BHEL,2019.0,cash_compounder,capital_returner
BHEL,2020.0,capital_returner,distressed
BHEL,2022.0,distressed,capital_returner
BHEL,2023.0,capital_returner,deleveraging
BHEL,2024.0,deleveraging,distressed
BHEL,,distressed,insufficient_data
BOSCHLTD,2013.0,deleveraging,cash_compounder
BOSCHLTD,2016.0,cash_compounder,deleveraging
BOSCHLTD,2017.0,deleveraging,capital_returner
BOSCHLTD,2018.0,capital_returner,cash_compounder
BOSCHLTD,2019.0,cash_compounder,deleveraging
BOSCHLTD,2020.0,deleveraging,cash_compounder
BOSCHLTD,2022.0,cash_compounder,capital_returner
BOSCHLTD,,capital_returner,insufficient_data
BPCL,2017.0,cash_compounder,capital_returner
BPCL,2018.0,capital_returner,cash_compounder
BPCL,2019.0,cash_compounder,capital_returner
BPCL,2021.0,capital_returner,cash_compounder
BPCL,,cash_compounder,insufficient_data
BRITANNIA,2015.0,cash_compounder,capital_returner
BRITANNIA,2016.0,capital_returner,cash_compounder
BRITANNIA,2017.0,cash_compounder,capital_returner
BRITANNIA,2018.0,capital_returner,cash_compounder
BRITANNIA,2020.0,cash_compounder,capital_returner
BRITANNIA,2021.0,capital_returner,cash_compounder
BRITANNIA,2022.0,cash_compounder,capital_returner
BRITANNIA,2023.0,capital_returner,cash_compounder
BRITANNIA,,cash_compounder,insufficient_data
CIPLA,2014.0,deleveraging,cash_compounder
CIPLA,2015.0,cash_compounder,deleveraging
CIPLA,2016.0,deleveraging,capital_intensive
CIPLA,2017.0,capital_intensive,cash_compounder
CIPLA,2024.0,cash_compounder,deleveraging
CIPLA,,deleveraging,insufficient_data
COALINDIA,2015.0,capital_returner,cash_compounder
COALINDIA,2016.0,cash_compounder,capital_returner
COALINDIA,2017.0,capital_returner,cash_compounder
COALINDIA,2019.0,cash_compounder,capital_returner
COALINDIA,2022.0,capital_returner,cash_compounder
COALINDIA,2024.0,cash_compounder,capital_returner
COALINDIA,,capital_returner,insufficient_data
DABUR,2015.0,cash_compounder,capital_returner
DABUR,2019.0,capital_returner,cash_compounder
DABUR,2023.0,cash_compounder,capital_returner
DABUR,2024.0,capital_returner,cash_compounder
DABUR,,cash_compounder,insufficient_data
DIVISLAB,2016.0,capital_returner,deleveraging
DIVISLAB,2017.0,deleveraging,cash_compounder
DIVISLAB,2018.0,cash_compounder,capital_returner
DIVISLAB,,capital_returner,insufficient_data
DLF,2017.0,cash_compounder,capital_returner
DLF,2018.0,capital_returner,distressed
DLF,2019.0,distressed,cash_compounder
DLF,2020.0,cash_compounder,distressed
DLF,2021.0,distressed,cash_compounder
DLF,2024.0,cash_compounder,capital_returner
DLF,,capital_returner,insufficient_data
DMART,2018.0,growth_investor,deleveraging
DMART,2019.0,deleveraging,growth_investor
DMART,2021.0,growth_investor,cash_compounder
DMART,2022.0,cash_compounder,deleveraging
DMART,2023.0,deleveraging,cash_compounder
DMART,,cash_compounder,insufficient_data
DRREDDY,2014.0,growth_investor,cash_compounder
DRREDDY,2024.0,cash_compounder,deleveraging
DRREDDY,,deleveraging,insufficient_data
EICHERMOT,2016.0,growth_investor,cash_compounder
EICHERMOT,2017.0,cash_compounder,growth_investor
EICHERMOT,2018.0,growth_investor,cash_compounder
EICHERMOT,2019.0,cash_compounder,deleveraging
EICHERMOT,2021.0,deleveraging,cash_compounder
EICHERMOT,2022.0,cash_compounder,capital_returner
EICHERMOT,,capital_returner,insufficient_data
GAIL,2014.0,growth_investor,capital_returner
GAIL,2015.0,capital_returner,cash_compounder
GAIL,2020.0,cash_compounder,capital_returner
GAIL,2021.0,capital_returner,cash_compounder
GAIL,2022.0,cash_compounder,capital_returner
GAIL,2023.0,capital_returner,growth_investor
GAIL,2024.0,growth_investor,cash_compounder
GAIL,,cash_compounder,insufficient_data
GODREJCP,2014.0,capital_intensive,cash_compounder
GODREJCP,2015.0,cash_compounder,capital_intensive
GODREJCP,2016.0,capital_intensive,cash_compounder
GODREJCP,2017.0,cash_compounder,capital_returner
GODREJCP,2018.0,capital_returner,cash_compounder
GODREJCP,2019.0,cash_compounder,capital_returner
GODREJCP,2020.0,capital_returner,cash_compounder
GODREJCP,2022.0,cash_compounder,deleveraging
GODREJCP,2023.0,deleveraging,cash_compounder
GODREJCP,2024.0,cash_compounder,distressed
GODREJCP,,distressed,insufficient_data
GRASIM,2014.0,growth_investor,cash_compounder
GRASIM,2018.0,cash_compounder,growth_investor
GRASIM,2020.0,growth_investor,cash_compounder
GRASIM,2022.0,cash_compounder,capital_intensive
GRASIM,2023.0,capital_intensive,growth_investor
GRASIM,,growth_investor,insufficient_data
HAL,2016.0,insufficient_data,capital_returner
HAL,2021.0,capital_returner,cash_compounder
HAL,2022.0,cash_compounder,capital_returner
HAL,2023.0,capital_returner,cash_compounder
HAL,,cash_compounder,insufficient_data
HAVELLS,2016.0,cash_compounder,capital_returner
HAVELLS,2017.0,capital_returner,cash_compounder
HAVELLS,2019.0,cash_compounder,capital_returner
HAVELLS,2020.0,capital_returner,cash_compounder
HAVELLS,2021.0,cash_compounder,growth_investor
HAVELLS,2022.0,growth_investor,cash_compounder
HAVELLS,2023.0,cash_compounder,capital_returner
HAVELLS,2024.0,capital_returner,cash_compounder
HAVELLS,,cash_compounder,insufficient_data
HCLTECH,2014.0,cash_compounder,deleveraging
HCLTECH,2015.0,deleveraging,capital_returner
HCLTECH,2017.0,capital_returner,cash_compounder
HCLTECH,2018.0,cash_compounder,deleveraging
HCLTECH,2020.0,deleveraging,cash_compounder
HCLTECH,,cash_compounder,insufficient_data
HEROMOTOCO,2015.0,cash_compounder,capital_returner
HEROMOTOCO,2016.0,capital_returner,cash_compounder
HEROMOTOCO,2019.0,cash_compounder,capital_returner
HEROMOTOCO,2020.0,capital_returner,cash_compounder
HEROMOTOCO,2022.0,cash_compounder,capital_returner
HEROMOTOCO,2024.0,capital_returner,cash_compounder
HEROMOTOCO,,cash_compounder,insufficient_data
HINDALCO,2015.0,growth_investor,distressed
HINDALCO,2017.0,distressed,cash_compounder
HINDALCO,2021.0,cash_compounder,distressed
HINDALCO,2022.0,distressed,cash_compounder
HINDALCO,,cash_compounder,insufficient_data
HINDUNILVR,2016.0,capital_returner,cash_compounder
HINDUNILVR,2019.0,cash_compounder,capital_returner
HINDUNILVR,2020.0,capital_returner,cash_compounder
HINDUNILVR,2023.0,cash_compounder,capital_returner
HINDUNILVR,2024.0,capital_returner,cash_compounder
HINDUNILVR,,cash_compounder,insufficient_data
ICICIGI,2014.0,cash_compounder,growth_investor
ICICIGI,2015.0,growth_investor,deleveraging
ICICIGI,2016.0,deleveraging,cash_compounder
ICICIGI,2017.0,cash_compounder,distressed
ICICIGI,2018.0,distressed,cash_compounder
ICICIGI,2019.0,cash_compounder,distressed
ICICIGI,2020.0,distressed,cash_compounder
ICICIGI,2022.0,cash_compounder,capital_returner
ICICIGI,2023.0,capital_returner,cash_compounder
ICICIGI,,cash_compounder,insufficient_data
INDIGO,2015.0,growth_investor,cash_compounder
INDIGO,2018.0,cash_compounder,growth_investor
INDIGO,2019.0,growth_investor,cash_compounder
INDIGO,2020.0,cash_compounder,distressed
INDIGO,2024.0,distressed,cash_compounder
INDIGO,,cash_compounder,insufficient_data
INFY,2014.0,deleveraging,capital_returner
INFY,2017.0,capital_returner,growth_investor
INFY,2018.0,growth_investor,capital_returner
INFY,2020.0,capital_returner,cash_compounder
INFY,2023.0,cash_compounder,capital_returner
INFY,2024.0,capital_returner,deleveraging
INFY,,deleveraging,insufficient_data
IOC,2019.0,cash_compounder,capital_returner
IOC,2020.0,capital_returner,distressed
IOC,2021.0,distressed,cash_compounder
IOC,,cash_compounder,insufficient_data
IRCTC,2016.0,deleveraging,cash_compounder
IRCTC,2018.0,cash_compounder,deleveraging
IRCTC,2019.0,deleveraging,cash_compounder
IRCTC,2020.0,cash_compounder,capital_returner
IRCTC,2021.0,capital_returner,growth_investor
IRCTC,2022.0,growth_investor,capital_returner
IRCTC,,capital_returner,insufficient_data
ITC,2015.0,capital_returner,cash_compounder
ITC,2019.0,cash_compounder,capital_returner
ITC,2022.0,capital_returner,cash_compounder
ITC,2023.0,cash_compounder,capital_returner
ITC,,capital_returner,insufficient_data
JINDALSTEL,2015.0,capital_intensive,distressed
JINDALSTEL,2021.0,distressed,cash_compounder
JINDALSTEL,2024.0,cash_compounder,capital_intensive
JINDALSTEL,,capital_intensive,insufficient_data
JIOFIN,2024.0,cash_compounder,deleveraging
JIOFIN,,deleveraging,insufficient_data
JSWENERGY,2023.0,cash_compounder,capital_intensive
JSWENERGY,,capital_intensive,insufficient_data
JSWSTEEL,2014.0,cash_compounder,growth_investor
JSWSTEEL,2015.0,growth_investor,cash_compounder
JSWSTEEL,2016.0,cash_compounder,distressed
JSWSTEEL,2017.0,distressed,cash_compounder
JSWSTEEL,2020.0,cash_compounder,growth_investor
JSWSTEEL,2021.0,growth_investor,cash_compounder
JSWSTEEL,2024.0,cash_compounder,growth_investor
JSWSTEEL,,growth_investor,insufficient_data
LODHA,2017.0,capital_intensive,cash_compounder
LODHA,2018.0,cash_compounder,capital_intensive
LODHA,2020.0,capital_intensive,cash_compounder
LODHA,2024.0,cash_compounder,capital_intensive
LODHA,,capital_intensive,insufficient_data
LT,2021.0,growth_investor,cash_compounder
LT,,cash_compounder,insufficient_data
LTIM,2014.0,cash_compounder,capital_returner
LTIM,2016.0,capital_returner,cash_compounder
LTIM,2018.0,cash_compounder,capital_returner
LTIM,2020.0,capital_returner,cash_compounder
LTIM,2022.0,cash_compounder,capital_returner
LTIM,2024.0,capital_returner,cash_compounder
LTIM,,cash_compounder,insufficient_data
M&M,2020.0,capital_intensive,distressed
M&M,2021.0,distressed,capital_returner
M&M,2022.0,capital_returner,cash_compounder
M&M,2023.0,cash_compounder,capital_intensive
M&M,,capital_intensive,insufficient_data
MARUTI,2014.0,cash_compounder,growth_investor
MARUTI,2015.0,growth_investor,cash_compounder
MARUTI,2019.0,cash_compounder,capital_returner
MARUTI,2021.0,capital_returner,cash_compounder
MARUTI,2022.0,cash_compounder,capital_returner
MARUTI,2023.0,capital_returner,cash_compounder
MARUTI,,cash_compounder,insufficient_data
MOTHERSON,2017.0,cash_compounder,capital_efficient
MOTHERSON,2018.0,capital_efficient,cash_compounder
MOTHERSON,,cash_compounder,insufficient_data
NAUKRI,2014.0,deleveraging,growth_investor
NAUKRI,2015.0,growth_investor,distressed
NAUKRI,2016.0,distressed,capital_returner
NAUKRI,2017.0,capital_returner,distressed
NAUKRI,2018.0,distressed,deleveraging
NAUKRI,2020.0,deleveraging,distressed
NAUKRI,2021.0,distressed,growth_investor
NAUKRI,2023.0,growth_investor,distressed
NAUKRI,2024.0,distressed,growth_investor
NAUKRI,,growth_investor,insufficient_data
NESTLEIND,,cash_compounder,insufficient_data
NHPC,2014.0,capital_returner,cash_compounder
NHPC,2020.0,cash_compounder,capital_returner
NHPC,2021.0,capital_returner,cash_compounder
NHPC,,cash_compounder,insufficient_data
NTPC,2014.0,growth_investor,cash_compounder
NTPC,2015.0,cash_compounder,growth_investor
NTPC,2016.0,growth_investor,cash_compounder
NTPC,2017.0,cash_compounder,growth_investor
NTPC,2021.0,growth_investor,cash_compounder
NTPC,,cash_compounder,insufficient_data
ONGC,2015.0,capital_returner,cash_compounder
ONGC,2018.0,cash_compounder,capital_returner
ONGC,2019.0,capital_returner,cash_compounder
ONGC,,cash_compounder,insufficient_data
PIDILITIND,2014.0,cash_compounder,capital_returner
PIDILITIND,2015.0,capital_returner,cash_compounder
PIDILITIND,2017.0,cash_compounder,growth_investor
PIDILITIND,2018.0,growth_investor,capital_returner
PIDILITIND,2020.0,capital_returner,cash_compounder
PIDILITIND,2021.0,cash_compounder,growth_investor
PIDILITIND,2022.0,growth_investor,capital_returner
PIDILITIND,2023.0,capital_returner,cash_compounder
PIDILITIND,,cash_compounder,insufficient_data
POWERGRID,2015.0,capital_returner,capital_intensive
POWERGRID,2017.0,capital_intensive,capital_returner
POWERGRID,2019.0,capital_returner,cash_compounder
POWERGRID,,cash_compounder,insufficient_data
RECLTD,2017.0,growth_investor,cash_compounder
RECLTD,2018.0,cash_compounder,growth_investor
RECLTD,,growth_investor,insufficient_data
RELIANCE,2014.0,cash_compounder,capital_efficient
RELIANCE,2015.0,capital_efficient,capital_intensive
RELIANCE,2016.0,capital_intensive,cash_compounder
RELIANCE,2017.0,cash_compounder,capital_intensive
RELIANCE,2018.0,capital_intensive,cash_compounder
RELIANCE,2019.0,cash_compounder,capital_intensive
RELIANCE,2020.0,capital_intensive,cash_compounder
RELIANCE,2021.0,cash_compounder,capital_intensive
RELIANCE,2022.0,capital_intensive,cash_compounder
RELIANCE,,cash_compounder,insufficient_data
SHREECEM,2018.0,cash_compounder,growth_investor
SHREECEM,2019.0,growth_investor,cash_compounder
SHREECEM,2020.0,cash_compounder,growth_investor
SHREECEM,2021.0,growth_investor,cash_compounder
SHREECEM,,cash_compounder,insufficient_data
SIEMENS,2014.0,deleveraging,cash_compounder
SIEMENS,2015.0,cash_compounder,capital_returner
SIEMENS,2017.0,capital_returner,deleveraging
SIEMENS,2018.0,deleveraging,growth_investor
SIEMENS,2019.0,growth_investor,cash_compounder
SIEMENS,2020.0,cash_compounder,capital_returner
SIEMENS,2021.0,capital_returner,growth_investor
SIEMENS,2022.0,growth_investor,deleveraging
SUNPHARMA,2014.0,deleveraging,cash_compounder
SUNPHARMA,2017.0,cash_compounder,capital_intensive
SUNPHARMA,2018.0,capital_intensive,cash_compounder
SUNPHARMA,2019.0,cash_compounder,capital_intensive
SUNPHARMA,2020.0,capital_intensive,cash_compounder
SUNPHARMA,2023.0,cash_compounder,growth_investor
SUNPHARMA,2024.0,growth_investor,cash_compounder
SUNPHARMA,,cash_compounder,insufficient_data
TATACONSUM,2015.0,capital_returner,cash_compounder
TATACONSUM,2016.0,cash_compounder,distressed
TATACONSUM,2017.0,distressed,cash_compounder
TATACONSUM,2018.0,cash_compounder,capital_returner
TATACONSUM,2020.0,capital_returner,cash_compounder
TATACONSUM,,cash_compounder,insufficient_data
TATAMOTORS,2014.0,capital_efficient,cash_compounder
TATAMOTORS,2015.0,cash_compounder,capital_efficient
TATAMOTORS,2016.0,capital_efficient,cash_compounder
TATAMOTORS,2017.0,cash_compounder,capital_intensive
TATAMOTORS,2019.0,capital_intensive,distressed
TATAMOTORS,2023.0,distressed,cash_compounder
TATAMOTORS,,cash_compounder,insufficient_data
TATAPOWER,2014.0,growth_investor,cash_compounder
TATAPOWER,2016.0,cash_compounder,distressed
TATAPOWER,2017.0,distressed,growth_investor
TATAPOWER,2018.0,growth_investor,distressed
TATAPOWER,2020.0,distressed,cash_compounder
TATAPOWER,2023.0,cash_compounder,growth_investor
TATAPOWER,2024.0,growth_investor,cash_compounder
TATAPOWER,,cash_compounder,insufficient_data
TATASTEEL,2014.0,distressed,capital_returner
TATASTEEL,2015.0,capital_returner,distressed
TATASTEEL,2018.0,distressed,capital_intensive
TATASTEEL,2020.0,capital_intensive,cash_compounder
TATASTEEL,2024.0,cash_compounder,distressed
TATASTEEL,,distressed,insufficient_data
TCS,2021.0,capital_returner,cash_compounder
TCS,2023.0,cash_compounder,capital_returner
TCS,,capital_returner,insufficient_data
TECHM,2014.0,capital_intensive,deleveraging
TECHM,2016.0,deleveraging,cash_compounder
TECHM,2018.0,cash_compounder,capital_returner
TECHM,2019.0,capital_returner,cash_compounder
TECHM,2022.0,cash_compounder,capital_returner
TECHM,2023.0,capital_returner,cash_compounder
TECHM,,cash_compounder,insufficient_data
TITAN,2014.0,capital_returner,growth_investor
TITAN,2015.0,growth_investor,deleveraging
TITAN,2016.0,deleveraging,capital_returner
TITAN,2017.0,capital_returner,cash_compounder
TITAN,2018.0,cash_compounder,capital_returner
TITAN,2020.0,capital_returner,growth_investor
TITAN,2021.0,growth_investor,cash_compounder
TITAN,2022.0,cash_compounder,capital_returner
TITAN,2023.0,capital_returner,growth_investor
TITAN,2024.0,growth_investor,capital_returner
TITAN,,capital_returner,insufficient_data
TORNTPHARM,2014.0,capital_returner,capital_intensive
TORNTPHARM,2016.0,capital_intensive,cash_compounder
TORNTPHARM,2018.0,cash_compounder,capital_returner
TORNTPHARM,2019.0,capital_returner,cash_compounder
TORNTPHARM,,cash_compounder,insufficient_data
TRENT,2015.0,distressed,growth_investor
TRENT,2016.0,growth_investor,cash_compounder
TRENT,2018.0,cash_compounder,capital_returner
TRENT,2019.0,capital_returner,growth_investor
TRENT,2021.0,growth_investor,distressed
TRENT,2022.0,distressed,cash_compounder
TRENT,2024.0,cash_compounder,capital_efficient
TRENT,,capital_efficient,insufficient_data
TVSMOTOR,2015.0,cash_compounder,growth_investor
TVSMOTOR,2016.0,growth_investor,cash_compounder
TVSMOTOR,2017.0,cash_compounder,growth_investor
TVSMOTOR,2021.0,growth_investor,cash_compounder
TVSMOTOR,2022.0,cash_compounder,growth_investor
TVSMOTOR,,growth_investor,insufficient_data
ULTRACEMCO,2014.0,growth_investor,cash_compounder
ULTRACEMCO,,cash_compounder,insufficient_data
UNITDSPR,2017.0,distressed,cash_compounder
UNITDSPR,2023.0,cash_compounder,deleveraging
UNITDSPR,2024.0,deleveraging,capital_returner
UNITDSPR,,capital_returner,insufficient_data
VEDL,2014.0,distressed,cash_compounder
VEDL,2015.0,cash_compounder,distressed
VEDL,2017.0,distressed,cash_compounder
VEDL,2020.0,cash_compounder,distressed
VEDL,2021.0,distressed,cash_compounder
VEDL,,cash_compounder,insufficient_data
WIPRO,2014.0,cash_compounder,deleveraging
WIPRO,2015.0,deleveraging,capital_returner
WIPRO,2016.0,capital_returner,capital_intensive
WIPRO,2018.0,capital_intensive,cash_compounder
WIPRO,2022.0,cash_compounder,capital_returner
WIPRO,2023.0,capital_returner,cash_compounder
WIPRO,,cash_compounder,insufficient_data
ZOMATO,,distressed,insufficient_data
ZYDUSLIFE,2014.0,capital_intensive,cash_compounder
ZYDUSLIFE,2015.0,cash_compounder,capital_intensive
ZYDUSLIFE,2020.0,capital_intensive,cash_compounder
ZYDUSLIFE,2022.0,cash_compounder,deleveraging
ZYDUSLIFE,2023.0,deleveraging,cash_compounder
ZYDUSLIFE,2024.0,cash_compounder,deleveraging
ZYDUSLIFE,,deleveraging,insufficient_data
